{
  "latest_date": "2025-03-31",
  "horizons_months": [
    12,
    24
  ],
  "feature_cols": [
    "rer_z",
    "carry",
    "oil_mom12",
    "mom12",
    "ca_diff",
    "carry_to_vol",
    "vix"
  ],
  "latest_forecast": {
    "12": {
      "spot_now": 1.4379,
      "point_level": 1.4091670615827383,
      "level_q05_q50_q95": {
        "q05": 1.2793492027906115,
        "q50": 1.4056292744816627,
        "q95": 1.5654045797045009
      },
      "valuation_rer_z": 2.4576183292571208
    },
    "24": {
      "spot_now": 1.4379,
      "point_level": 1.3742465969240292,
      "level_q05_q50_q95": {
        "q05": 1.211852823367568,
        "q50": 1.3768941011542684,
        "q95": 1.535144785853029
      },
      "valuation_rer_z": 2.4576183292571208
    }
  },
  "models": {
    "12": {
      "params": {
        "const": 0.05889695045948225,
        "rer_z": -0.006442649789046738,
        "carry": -0.5108477132756364,
        "oil_mom12": 0.04192874287812205,
        "mom12": 0.08974231436907638,
        "ca_diff": -0.008830397906085773,
        "carry_to_vol": -0.0065431087746361085,
        "vix": -0.0017973107275910346
      },
      "nobs": 420,
      "r2": 0.21441946833374415,
      "point_log_return": -0.020184922481157455,
      "point_level": 1.4091670615827383,
      "dist_log_return": {
        "q05": -0.11683220253693234,
        "q25": -0.058248056466573564,
        "q50": -0.02269863114178638,
        "q75": 0.011522371197698056,
        "q95": 0.08496059211376526,
        "mean": -0.021043306096239972,
        "std": 0.06386230389570459
      },
      "dist_level": {
        "q05": 1.2793492027906115,
        "q25": 1.3565377197271453,
        "q50": 1.4056292744816627,
        "q75": 1.4545638366366553,
        "q95": 1.5654045797045009,
        "mean": 1.407957974670599
      }
    },
    "24": {
      "params": {
        "const": 0.09991125873557266,
        "rer_z": -0.023523121763179132,
        "carry": -2.7379213986554625,
        "oil_mom12": 0.07827179192820385,
        "mom12": 0.3024985214856373,
        "ca_diff": -0.020434138576049813,
        "carry_to_vol": 0.04324652425997148,
        "vix": -0.002178282765944914
      },
      "nobs": 408,
      "r2": 0.45929199802291154,
      "point_log_return": -0.04527806441105134,
      "point_level": 1.3742465969240292,
      "dist_log_return": {
        "q05": -0.1710332684430456,
        "q25": -0.10731172824188076,
        "q50": -0.0433534045422526,
        "q75": 0.010557913539124136,
        "q95": 0.0654409837707541,
        "mean": -0.0477409878441552,
        "std": 0.0745842217290751
      },
      "dist_level": {
        "q05": 1.211852823367568,
        "q25": 1.2915873781689302,
        "q50": 1.3768941011542684,
        "q75": 1.4531616476891513,
        "q95": 1.535144785853029,
        "mean": 1.3708660974421365
      }
    }
  },
  "notes": {
    "rer_definition": "rer = log(USDCAD) + log(CPI_US) - log(CPI_CA)",
    "reference_points": "implied spot if rer reverted to rolling median/p25/p75",
    "bootstrap_draws": 2000
  }
}